"Id","concept:name_1","lifecycle:transition_1","org:resource_1","Activity_1","Resource_1","Work_Order_Qty_1","Part_Desc__1","Worker_ID_1","Report_Type_1","Qty_Completed_1","Qty_Rejected_1","Qty_for_MRB_1","concept:name_2","lifecycle:transition_2","org:resource_2","Activity_2","Resource_2","Work_Order_Qty_2","Part_Desc__2","Worker_ID_2","Report_Type_2","Qty_Completed_2","Qty_Rejected_2","Qty_for_MRB_2","concept:name_3","lifecycle:transition_3","org:resource_3","Activity_3","Resource_3","Work_Order_Qty_3","Part_Desc__3","Worker_ID_3","Report_Type_3","Qty_Completed_3","Qty_Rejected_3","Qty_for_MRB_3","concept:name_4","lifecycle:transition_4","org:resource_4","Activity_4","Resource_4","Work_Order_Qty_4","Part_Desc__4","Worker_ID_4","Report_Type_4","Qty_Completed_4","Qty_Rejected_4","Qty_for_MRB_4","concept:name_5","lifecycle:transition_5","org:resource_5","Activity_5","Resource_5","Work_Order_Qty_5","Part_Desc__5","Worker_ID_5","Report_Type_5","Qty_Completed_5","Qty_Rejected_5","Qty_for_MRB_5","concept:name_6","lifecycle:transition_6","org:resource_6","Activity_6","Resource_6","Work_Order_Qty_6","Part_Desc__6","Worker_ID_6","Report_Type_6","Qty_Completed_6","Qty_Rejected_6","Qty_for_MRB_6","concept:name_7","lifecycle:transition_7","org:resource_7","Activity_7","Resource_7","Work_Order_Qty_7","Part_Desc__7","Worker_ID_7","Report_Type_7","Qty_Completed_7","Qty_Rejected_7","Qty_for_MRB_7","remainingTime"
"1","0","1","9","0","3","4","5","9","10","11","8","8","0","12","9","0","3","4","5","9","10","11","8","8","0","1","9","0","3","4","5","9","6","11","8","8","0","12","9","0","3","4","5","9","6","11","8","8","0","1","2","0","3","4","5","2","10","8","8","8","0","12","2","0","3","4","5","2","10","8","8","8","0","1","2","0","3","4","5","2","6","7","8","8","1532340.0"
"10","13","1","19","13","15","16","17","19","10","11","8","8","21","1","20","21","22","16","17","20","6","8","8","8","13","12","19","13","15","16","17","19","10","11","8","8","21","12","20","21","22","16","17","20","6","8","8","8","13","1","14","13","15","16","17","14","10","8","8","8","13","12","14","13","15","16","17","14","10","8","8","8","13","1","14","13","15","16","17","14","6","18","8","8","1400340.0"
"100","23","1","24","23","25","26","27","24","6","28","8","8","23","12","24","23","25","26","27","24","6","28","8","8","23","1","29","23","25","26","27","29","6","30","8","8","23","12","29","23","25","26","27","29","6","30","8","8","23","1","24","23","25","26","27","24","10","11","8","8","23","12","24","23","25","26","27","24","10","11","8","8","23","1","24","23","25","26","27","24","6","18","8","8","2491140.0"
"101","33","1","24","33","25","31","32","24","10","8","8","8","33","12","24","33","25","31","32","24","10","8","8","8","23","1","24","23","25","31","32","24","10","8","8","8","23","12","24","23","25","31","32","24","10","8","8","8","23","1","24","23","25","31","32","24","34","8","8","8","23","12","24","23","25","31","32","24","34","8","8","8","23","1","24","23","25","31","32","24","6","28","8","8","1041000.0"
"102","23","1","24","23","25","36","17","24","10","8","8","8","23","12","24","23","25","36","17","24","10","8","8","8","23","1","24","23","25","36","17","24","10","8","8","8","23","12","24","23","25","36","17","24","10","8","8","8","23","1","35","23","25","36","17","35","10","8","8","8","23","12","35","23","25","36","17","35","10","8","8","8","23","1","35","23","25","36","17","35","10","8","8","8","1248000.0"
"103","23","1","24","23","25","37","38","24","34","8","8","8","23","12","24","23","25","37","38","24","34","8","8","8","23","1","35","23","25","37","38","35","10","8","8","8","23","12","35","23","25","37","38","35","10","8","8","8","23","1","24","23","25","37","38","24","10","8","8","8","23","12","24","23","25","37","38","24","10","8","8","8","23","1","35","23","25","37","38","35","10","8","8","8","534960.0"
"104","39","1","29","39","41","42","5","29","10","11","8","8","39","12","29","39","41","42","5","29","10","11","8","8","39","1","29","39","41","42","5","29","6","44","8","8","39","12","29","39","41","42","5","29","6","44","8","8","39","1","40","39","41","42","5","40","6","43","8","8","46","1","45","46","22","42","5","45","6","8","8","8","39","12","40","39","41","42","5","40","6","43","8","8","81720.0"
"106","23","1","35","23","25","50","27","35","10","8","8","8","23","12","35","23","25","50","27","35","10","8","8","8","23","1","24","23","25","50","27","24","6","50","8","8","23","12","24","23","25","50","27","24","6","50","8","8","46","1","20","46","22","50","27","20","6","50","8","8","46","12","20","46","22","50","27","20","6","50","8","8","47","1","48","47","49","50","27","48","6","50","8","8","271620.0"
"108","0","1","53","0","3","51","52","53","10","11","8","8","0","12","53","0","3","51","52","53","10","11","8","8","0","1","29","0","3","51","52","29","10","11","8","8","46","1","54","46","22","51","52","54","6","8","8","8","46","12","54","46","22","51","52","54","6","8","8","8","0","12","29","0","3","51","52","29","10","11","8","8","0","1","29","0","3","51","52","29","6","43","8","8","951240.0"
"109","0","1","9","0","3","55","56","9","10","8","8","8","0","1","2","0","3","55","56","2","10","57","8","8","0","12","9","0","3","55","56","9","10","8","8","8","0","12","2","0","3","55","56","2","10","57","8","8","46","1","20","46","22","55","56","20","6","58","8","8","0","1","29","0","3","55","56","29","10","11","8","8","0","12","29","0","3","55","56","29","10","11","8","8","1727520.0"
"11","60","1","14","60","61","59","17","14","10","8","8","8","60","12","14","60","61","59","17","14","10","8","8","8","60","1","62","60","61","59","17","62","6","11","8","8","46","1","54","46","22","59","17","54","6","8","8","8","60","12","62","60","61","59","17","62","6","11","8","8","60","1","62","60","61","59","17","62","6","18","8","8","46","12","54","46","22","59","17","54","6","8","8","8","793020.0"
"110","63","1","53","63","64","65","27","53","10","11","8","8","63","12","53","63","64","65","27","53","10","11","8","8","63","1","29","63","64","65","27","29","10","66","8","8","46","1","67","46","22","65","27","67","6","8","8","8","46","12","67","46","22","65","27","67","6","8","8","8","63","12","29","63","64","65","27","29","10","66","8","8","63","1","29","63","64","65","27","29","6","4","8","8","2497860.0"
"111","68","1","9","68","3","69","5","9","10","11","8","8","68","12","9","68","3","69","5","9","10","11","8","8","68","1","9","68","3","69","5","9","6","71","8","8","68","12","9","68","3","69","5","9","6","71","8","8","68","1","2","68","3","69","5","2","6","72","8","8","68","12","2","68","3","69","5","2","6","72","8","8","68","1","40","68","3","69","5","40","6","70","8","8","1262520.0"
"112","13","1","62","13","15","73","27","62","10","8","8","8","13","12","62","13","15","73","27","62","10","8","8","8","13","1","19","13","15","73","27","19","10","11","8","8","13","12","19","13","15","73","27","19","10","11","8","8","13","1","14","13","15","73","27","14","10","66","8","8","13","12","14","13","15","73","27","14","10","66","8","8","46","1","54","46","22","73","27","54","6","8","66","8","1305240.0"
"113","75","1","9","75","41","74","5","9","10","8","8","8","75","12","9","75","41","74","5","9","10","8","8","8","39","1","29","39","41","74","5","29","10","74","8","8","39","12","29","39","41","74","5","29","10","74","8","8","46","1","45","46","22","74","5","45","6","74","8","8","46","12","45","46","22","74","5","45","6","74","8","8","47","1","48","47","49","74","5","48","6","74","8","8","1440.0"
"114","63","1","53","63","64","76","27","53","10","11","8","8","63","12","53","63","64","76","27","53","10","11","8","8","46","1","20","46","22","76","27","20","6","8","8","8","63","1","77","63","64","76","27","77","10","8","8","8","63","12","77","63","64","76","27","77","10","8","8","8","46","12","20","46","22","76","27","20","6","8","8","8","63","1","53","63","64","76","27","53","6","44","8","8","560880.0"
"115","0","1","9","0","3","78","27","9","10","8","8","8","0","12","9","0","3","78","27","9","10","8","8","8","0","1","29","0","3","78","27","29","6","55","8","8","0","12","29","0","3","78","27","29","6","55","8","8","0","1","9","0","3","78","27","9","6","79","8","8","0","12","9","0","3","78","27","9","6","79","8","8","0","1","9","0","3","78","27","9","10","8","8","8","1700700.0"
"116","86","1","85","86","87","82","83","85","10","8","8","8","86","12","85","86","87","82","83","85","10","8","8","8","86","1","85","86","87","82","83","85","6","88","8","8","86","12","85","86","87","82","83","85","6","88","8","8","86","1","89","86","87","82","83","89","6","31","8","8","86","12","89","86","87","82","83","89","6","31","8","8","80","1","81","80","80","82","83","81","6","84","8","8","547140.0"
"118","63","1","40","63","64","4","27","40","10","8","8","8","63","12","40","63","64","4","27","40","10","8","8","8","63","1","53","63","64","4","27","53","10","11","8","8","63","12","53","63","64","4","27","53","10","11","8","8","63","1","53","63","64","4","27","53","6","90","8","8","63","12","53","63","64","4","27","53","6","90","8","8","46","1","54","46","22","4","27","54","6","90","11","8","4980.0"
"119","60","1","14","60","61","91","92","14","10","8","8","8","60","12","14","60","61","91","92","14","10","8","8","8","60","1","14","60","61","91","92","14","10","8","8","8","60","12","14","60","61","91","92","14","10","8","8","8","60","1","14","60","61","91","92","14","10","11","8","8","60","12","14","60","61","91","92","14","10","11","8","8","60","1","62","60","61","91","92","62","6","57","8","8","576120.0"
"12","93","1","62","93","15","94","17","62","10","8","8","8","93","12","62","93","15","94","17","62","10","8","8","8","93","1","14","93","15","94","17","14","10","11","8","8","93","12","14","93","15","94","17","14","10","11","8","8","21","1","20","21","22","94","17","20","6","8","8","8","21","12","20","21","22","94","17","20","6","8","8","8","93","1","14","93","15","94","17","14","6","28","8","8","1861200.0"
"120","39","1","29","39","41","95","5","29","10","96","8","8","39","12","29","39","41","95","5","29","10","96","8","8","39","1","40","39","41","95","5","40","10","11","8","8","39","12","40","39","41","95","5","40","10","11","8","8","39","1","53","39","41","95","5","53","34","8","8","8","39","12","53","39","41","95","5","53","34","8","8","8","46","1","45","46","22","95","5","45","6","96","11","8","606960.0"
"121","39","1","29","39","41","79","97","29","10","11","8","8","39","12","29","39","41","79","97","29","10","11","8","8","39","1","29","39","41","79","97","29","6","30","8","8","21","1","98","21","22","79","97","98","6","79","8","8","21","12","98","21","22","79","97","98","6","79","8","8","39","12","29","39","41","79","97","29","6","30","8","8","39","1","40","39","41","79","97","40","10","8","8","8","1922760.0"
"122","39","1","40","39","41","79","97","40","10","11","8","8","39","12","40","39","41","79","97","40","10","11","8","8","39","1","40","39","41","79","97","40","6","30","8","8","39","12","40","39","41","79","97","40","6","30","8","8","39","1","40","39","41","79","97","40","10","11","8","8","39","12","40","39","41","79","97","40","10","11","8","8","39","1","40","39","41","79","97","40","6","30","8","8","1946700.0"
"123","0","1","40","0","3","99","5","40","10","8","8","8","0","12","40","0","3","99","5","40","10","8","8","8","0","1","9","0","3","99","5","9","10","8","8","8","0","12","9","0","3","99","5","9","10","8","8","8","0","1","9","0","3","99","5","9","6","100","8","8","0","12","9","0","3","99","5","9","6","100","8","8","0","1","2","0","3","99","5","2","6","8","8","8","289320.0"
"124","0","1","9","0","3","79","27","9","10","11","8","8","0","12","9","0","3","79","27","9","10","11","8","8","0","1","9","0","3","79","27","9","6","57","8","8","0","12","9","0","3","79","27","9","6","57","8","8","0","1","40","0","3","79","27","40","6","8","8","8","0","12","40","0","3","79","27","40","6","8","8","8","0","1","2","0","3","79","27","2","6","90","8","8","457560.0"
"125","63","1","53","63","64","101","27","53","10","8","8","8","63","12","53","63","64","101","27","53","10","8","8","8","63","1","2","63","64","101","27","2","10","11","8","8","63","12","2","63","64","101","27","2","10","11","8","8","46","1","20","46","22","101","27","20","6","8","8","8","63","1","2","63","64","101","27","2","6","102","8","8","63","12","2","63","64","101","27","2","6","102","8","8","5460.0"
"126","0","1","40","0","3","4","32","40","10","8","8","8","0","12","40","0","3","4","32","40","10","8","8","8","0","1","2","0","3","4","32","2","10","57","8","8","0","12","2","0","3","4","32","2","10","57","8","8","0","1","9","0","3","4","32","9","10","8","8","8","46","1","54","46","22","4","32","54","6","8","11","8","0","12","9","0","3","4","32","9","10","8","8","8","493380.0"
"127","63","1","53","63","64","103","27","53","10","57","8","8","63","12","53","63","64","103","27","53","10","57","8","8","63","1","53","63","64","103","27","53","6","96","8","8","63","12","53","63","64","103","27","53","6","96","8","8","63","1","2","63","64","103","27","2","6","30","8","8","63","12","2","63","64","103","27","2","6","30","8","8","63","1","29","63","64","103","27","29","6","104","8","8","1336140.0"
"129","23","1","24","23","25","66","105","24","10","8","8","8","46","1","54","46","22","66","105","54","10","8","8","8","46","12","54","46","22","66","105","54","10","8","8","8","23","12","24","23","25","66","105","24","10","8","8","8","23","1","24","23","25","66","105","24","10","11","8","8","23","12","24","23","25","66","105","24","10","11","8","8","23","1","35","23","25","66","105","35","6","57","8","8","1083120.0"
"13","93","1","19","93","15","76","17","19","10","8","8","8","93","12","19","93","15","76","17","19","10","8","8","8","93","1","19","93","15","76","17","19","6","57","8","8","93","12","19","93","15","76","17","19","6","57","8","8","93","1","14","93","15","76","17","14","6","26","8","8","93","12","14","93","15","76","17","14","6","26","8","8","80","1","81","80","80","76","17","81","6","76","8","8","42120.0"
"133","0","1","40","0","3","106","107","40","10","8","8","8","0","12","40","0","3","106","107","40","10","8","8","8","0","1","9","0","3","106","107","9","10","11","8","8","0","12","9","0","3","106","107","9","10","11","8","8","0","1","9","0","3","106","107","9","6","109","8","8","0","12","9","0","3","106","107","9","6","109","8","8","0","1","2","0","3","106","107","2","6","108","8","8","33480.0"
"134","0","1","9","0","3","106","107","9","10","8","8","8","0","12","9","0","3","106","107","9","10","8","8","8","0","1","9","0","3","106","107","9","10","11","8","8","0","12","9","0","3","106","107","9","10","11","8","8","0","1","2","0","3","106","107","2","6","100","8","8","0","12","2","0","3","106","107","2","6","100","8","8","0","1","9","0","3","106","107","9","6","110","8","8","21720.0"
"135","39","1","29","39","41","65","32","29","10","11","8","8","39","12","29","39","41","65","32","29","10","11","8","8","39","1","40","39","41","65","32","40","10","8","8","8","39","1","77","39","41","65","32","77","10","8","8","8","39","12","77","39","41","65","32","77","10","8","8","8","39","12","40","39","41","65","32","40","10","8","8","8","39","1","29","39","41","65","32","29","10","8","8","8","659640.0"
"137","0","1","40","0","3","51","32","40","10","8","8","8","0","12","40","0","3","51","32","40","10","8","8","8","0","1","9","0","3","51","32","9","10","11","8","8","0","12","9","0","3","51","32","9","10","11","8","8","0","1","2","0","3","51","32","2","6","109","8","8","0","12","2","0","3","51","32","2","6","109","8","8","46","1","67","46","22","51","32","67","6","8","8","8","3300.0"
"138","0","1","2","0","3","91","5","2","10","8","8","8","0","12","2","0","3","91","5","2","10","8","8","8","0","1","9","0","3","91","5","9","10","11","8","8","0","12","9","0","3","91","5","9","10","11","8","8","0","1","9","0","3","91","5","9","6","111","8","8","0","12","9","0","3","91","5","9","6","111","8","8","0","1","2","0","3","91","5","2","6","26","8","8","110220.0"
"140","39","1","40","39","41","95","5","40","10","57","8","8","39","12","40","39","41","95","5","40","10","57","8","8","39","1","2","39","41","95","5","2","6","66","8","8","39","12","2","39","41","95","5","2","6","66","8","8","46","1","45","46","22","95","5","45","6","66","57","8","46","12","45","46","22","95","5","45","6","66","57","8","47","1","112","47","49","95","5","112","6","66","8","8","847560.0"
"145","113","1","24","113","25","114","115","24","10","57","8","8","113","12","24","113","25","114","115","24","10","57","8","8","113","1","35","113","25","114","115","35","6","31","8","8","113","12","35","113","25","114","115","35","6","31","8","8","113","1","24","113","25","114","115","24","6","8","8","8","113","12","24","113","25","114","115","24","6","8","8","8","113","1","24","113","25","114","115","24","6","102","8","8","1808940.0"
"147","113","1","24","113","25","116","117","24","10","11","8","8","113","12","24","113","25","116","117","24","10","11","8","8","113","1","35","113","25","116","117","35","10","8","8","8","113","12","35","113","25","116","117","35","10","8","8","8","113","1","35","113","25","116","117","35","6","74","8","8","113","12","35","113","25","116","117","35","6","74","8","8","113","1","24","113","25","116","117","24","6","118","8","8","67080.0"
"148","122","1","121","122","123","120","117","121","6","8","8","8","122","12","121","122","123","120","117","121","6","8","8","8","125","1","124","125","126","120","117","124","6","11","8","8","125","12","124","125","126","120","117","124","6","11","8","8","127","1","54","127","22","120","117","54","6","11","8","8","128","1","54","128","22","120","117","54","6","11","8","8","80","1","119","80","80","120","117","119","6","11","8","8","53580.0"
"150","129","1","20","129","130","26","27","20","6","8","57","8","47","1","20","47","49","26","27","20","6","8","66","8","131","1","20","131","132","26","27","20","6","8","95","8","129","12","20","129","130","26","27","20","6","8","57","8","131","12","20","131","132","26","27","20","6","8","95","8","47","12","20","47","49","26","27","20","6","8","66","8","127","1","20","127","22","26","27","20","6","8","8","8","60.0"
"153","86","1","85","86","87","133","32","85","10","8","8","8","86","12","85","86","87","133","32","85","10","8","8","8","86","1","85","86","87","133","32","85","6","96","8","8","86","12","85","86","87","133","32","85","6","96","8","8","127","1","54","127","22","133","32","54","6","8","8","8","127","12","54","127","22","133","32","54","6","8","8","8","127","1","54","127","22","133","32","54","6","96","8","8","60900.0"
"154","134","1","45","134","22","31","27","45","6","135","11","8","134","12","45","134","22","31","27","45","6","135","11","8","137","1","136","137","138","31","27","136","6","135","8","8","137","12","136","137","138","31","27","136","6","135","8","8","127","1","45","127","22","31","27","45","6","88","11","8","127","12","45","127","22","31","27","45","6","88","11","8","80","1","81","80","80","31","27","81","6","88","8","8","3600.0"
"155","113","1","35","113","139","101","27","35","10","8","8","8","113","12","35","113","139","101","27","35","10","8","8","8","23","1","35","23","25","101","27","35","6","8","8","8","23","12","35","23","25","101","27","35","6","8","8","8","23","1","35","23","25","101","27","35","6","43","8","8","23","12","35","23","25","101","27","35","6","43","8","8","23","1","35","23","25","101","27","35","6","114","8","8","402720.0"
"156","13","1","62","13","15","140","141","62","10","8","8","8","13","12","62","13","15","140","141","62","10","8","8","8","13","1","62","13","15","140","141","62","6","91","8","8","13","12","62","13","15","140","141","62","6","91","8","8","13","1","62","13","15","140","141","62","10","11","8","8","13","12","62","13","15","140","141","62","10","11","8","8","13","1","62","13","15","140","141","62","6","96","8","8","1198980.0"
"163","80","1","143","80","80","142","83","143","6","116","8","8","80","12","143","80","80","142","83","143","6","116","8","8","127","1","54","127","22","142","83","54","6","116","8","8","127","12","54","127","22","142","83","54","6","116","8","8","21","1","54","21","22","142","83","54","6","4","8","8","21","12","54","21","22","142","83","54","6","4","8","8","21","1","54","21","22","142","83","54","6","102","8","8","6238380.0"
"17","113","1","24","113","139","59","83","24","10","8","8","8","113","12","24","113","139","59","83","24","10","8","8","8","113","1","24","113","139","59","83","24","10","8","8","8","113","12","24","113","139","59","83","24","10","8","8","8","113","1","24","113","139","59","83","24","34","8","8","8","113","12","24","113","139","59","83","24","34","8","8","8","113","1","24","113","139","59","83","24","6","8","8","8","2737560.0"
"174","63","1","29","63","64","71","27","29","10","8","8","8","63","12","29","63","64","71","27","29","10","8","8","8","63","1","53","63","64","71","27","53","10","11","8","8","46","1","54","46","22","71","27","54","10","8","8","8","63","12","53","63","64","71","27","53","10","11","8","8","63","1","53","63","64","71","27","53","6","28","8","8","46","12","54","46","22","71","27","54","10","8","8","8","942000.0"
"177","148","1","48","148","149","147","5","48","6","28","8","8","148","12","48","148","149","147","5","48","6","28","8","8","144","1","150","144","146","147","5","150","10","8","8","8","144","12","150","144","146","147","5","150","10","8","8","8","144","1","150","144","146","147","5","150","6","57","8","8","144","12","150","144","146","147","5","150","6","57","8","8","144","1","145","144","146","147","5","145","6","79","8","8","7031760.0"
"178","131","1","153","131","132","152","5","153","6","118","8","8","131","12","153","131","132","152","5","153","6","118","8","8","144","1","145","144","146","152","5","145","10","8","8","8","144","12","145","144","146","152","5","145","10","8","8","8","151","1","89","151","87","152","5","89","6","8","8","8","151","12","89","151","87","152","5","89","6","8","8","8","151","1","89","151","87","152","5","89","6","8","8","8","5072820.0"
"179","151","1","89","151","87","142","5","89","6","8","8","8","151","12","89","151","87","142","5","89","6","8","8","8","127","1","67","127","22","142","5","67","6","4","8","8","127","12","67","127","22","142","5","67","6","4","8","8","80","1","81","80","80","142","5","81","6","4","8","8","80","12","81","80","80","142","5","81","6","4","8","8","154","1","85","154","155","142","5","85","6","8","8","8","248100.0"
"18","39","1","9","39","41","156","5","9","10","57","8","8","39","12","9","39","41","156","5","9","10","57","8","8","39","1","9","39","41","156","5","9","6","7","8","8","39","12","9","39","41","156","5","9","6","7","8","8","39","1","40","39","41","156","5","40","34","8","8","8","39","12","40","39","41","156","5","40","34","8","8","8","39","1","9","39","41","156","5","9","10","8","8","8","6178560.0"
"182","46","1","20","46","22","157","27","20","6","8","8","8","46","12","20","46","22","157","27","20","6","8","8","8","154","1","85","154","155","157","27","85","6","8","8","8","154","12","85","154","155","157","27","85","6","8","8","8","127","1","20","127","22","157","27","20","6","95","11","8","127","12","20","127","22","157","27","20","6","95","11","8","46","1","20","46","22","157","27","20","6","8","66","8","1816560.0"
"185","60","1","14","60","61","18","5","14","6","57","8","8","60","12","14","60","61","18","5","14","6","57","8","8","151","1","85","151","87","18","5","85","6","8","8","8","151","12","85","151","87","18","5","85","6","8","8","8","80","1","81","80","80","18","5","81","6","95","8","8","80","1","81","80","80","18","5","81","6","8","8","8","80","12","81","80","80","18","5","81","6","95","8","8","7371600.0"
"187","148","1","112","148","149","158","5","112","6","8","8","8","148","12","112","148","149","158","5","112","6","8","8","8","131","1","150","131","132","158","5","150","10","8","8","8","131","12","150","131","132","158","5","150","10","8","8","8","131","1","145","131","132","158","5","145","10","57","8","8","131","12","145","131","132","158","5","145","10","57","8","8","131","1","153","131","132","158","5","153","6","42","8","8","4079400.0"
"188","47","1","48","47","49","159","160","48","6","161","8","8","148","1","112","148","149","159","160","112","6","8","8","8","148","12","112","148","149","159","160","112","6","8","8","8","148","1","112","148","149","159","160","112","6","8","8","8","47","12","48","47","49","159","160","48","6","161","8","8","148","12","112","148","149","159","160","112","6","8","8","8","148","1","48","148","149","159","160","48","6","161","8","8","3106980.0"
"189","46","1","67","46","22","7","162","67","6","8","11","8","46","12","67","46","22","7","162","67","6","8","11","8","46","1","67","46","22","7","162","67","6","8","11","8","46","12","67","46","22","7","162","67","6","8","11","8","46","1","67","46","22","7","162","67","6","8","11","8","46","12","67","46","22","7","162","67","6","8","11","8","127","1","67","127","22","7","162","67","6","8","8","8","151200.0"
"19","39","1","2","39","41","42","5","2","10","11","8","8","39","12","2","39","41","42","5","2","10","11","8","8","46","1","67","46","22","42","5","67","10","8","8","8","46","12","67","46","22","42","5","67","10","8","8","8","0","1","9","0","3","42","5","9","6","100","8","8","0","12","9","0","3","42","5","9","6","100","8","8","46","1","67","46","22","42","5","67","6","42","8","8","1972920.0"
"190","80","1","81","80","80","111","163","81","6","28","8","8","80","12","81","80","80","111","163","81","6","28","8","8","127","1","45","127","22","111","163","45","6","28","8","8","127","12","45","127","22","111","163","45","6","28","8","8","46","1","45","46","22","111","163","45","6","8","8","8","46","12","45","46","22","111","163","45","6","8","8","8","127","1","45","127","22","111","163","45","6","8","8","8","126600.0"
"192","122","1","121","122","123","158","117","121","6","8","8","8","122","12","121","122","123","158","117","121","6","8","8","8","46","1","54","46","22","158","117","54","6","8","8","8","46","12","54","46","22","158","117","54","6","8","8","8","13","1","14","13","15","158","117","14","10","11","8","8","13","12","14","13","15","158","117","14","10","11","8","8","46","1","54","46","22","158","117","54","6","8","8","8","1580340.0"
"194","60","1","14","60","61","91","164","14","10","8","8","8","60","12","14","60","61","91","164","14","10","8","8","8","60","1","14","60","61","91","164","14","10","8","8","8","46","1","54","46","22","91","164","54","10","8","8","8","60","12","14","60","61","91","164","14","10","8","8","8","46","12","54","46","22","91","164","54","10","8","8","8","60","1","14","60","61","91","164","14","10","66","8","8","2224500.0"
"195","46","1","54","46","22","99","165","54","6","99","8","8","46","12","54","46","22","99","165","54","6","99","8","8","129","1","112","129","130","99","165","112","6","8","8","8","129","12","112","129","130","99","165","112","6","8","8","8","148","1","48","148","149","99","165","48","6","91","8","8","148","12","48","148","149","99","165","48","6","91","8","8","148","1","48","148","149","99","165","48","6","91","8","8","868920.0"
"196","46","1","67","46","22","91","5","67","6","8","8","8","46","12","67","46","22","91","5","67","6","8","8","8","151","1","85","151","87","91","5","85","6","8","8","8","151","12","85","151","87","91","5","85","6","8","8","8","127","1","45","127","22","91","5","45","6","66","11","8","127","12","45","127","22","91","5","45","6","66","11","8","80","1","81","80","80","91","5","81","6","66","8","8","3600.0"
"198","39","1","40","39","41","59","5","40","10","8","8","8","39","12","40","39","41","59","5","40","10","8","8","8","39","1","29","39","41","59","5","29","10","11","8","8","39","12","29","39","41","59","5","29","10","11","8","8","39","1","29","39","41","59","5","29","6","135","8","8","39","12","29","39","41","59","5","29","6","135","8","8","46","1","54","46","22","59","5","54","6","8","11","8","6071940.0"
"199","148","1","112","148","149","166","5","112","6","8","8","8","148","12","112","148","149","166","5","112","6","8","8","8","148","1","48","148","149","166","5","48","6","167","8","8","148","1","112","148","149","166","5","112","6","8","8","8","148","12","112","148","149","166","5","112","6","8","8","8","148","1","112","148","149","166","5","112","6","8","8","8","148","12","48","148","149","166","5","48","6","167","8","8","7500000.0"
"20","0","1","2","0","3","168","169","2","10","11","8","8","0","12","2","0","3","168","169","2","10","11","8","8","46","1","20","46","22","168","169","20","6","8","8","8","0","1","2","0","3","168","169","2","6","7","8","8","0","12","2","0","3","168","169","2","6","7","8","8","46","12","20","46","22","168","169","20","6","8","8","8","0","1","53","0","3","168","169","53","6","76","8","8","3210360.0"
"200","170","1","98","170","61","55","5","98","6","11","8","8","170","12","98","170","61","55","5","98","6","11","8","8","151","1","89","151","87","55","5","89","6","8","8","8","151","12","89","151","87","55","5","89","6","8","8","8","127","1","45","127","22","55","5","45","6","11","8","8","127","12","45","127","22","55","5","45","6","11","8","8","127","1","45","127","22","55","5","45","6","8","11","8","1529700.0"
"201","134","1","45","134","22","76","171","45","6","43","8","8","46","1","45","46","22","76","171","45","6","43","8","8","134","12","45","134","22","76","171","45","6","43","8","8","46","12","45","46","22","76","171","45","6","43","8","8","113","1","24","113","139","76","171","24","6","8","8","8","113","12","24","113","139","76","171","24","6","8","8","8","113","1","24","113","139","76","171","24","10","11","8","8","4028580.0"
"203","46","1","20","46","22","95","172","20","6","95","8","8","46","12","20","46","22","95","172","20","6","95","8","8","47","1","48","47","49","95","172","48","6","95","8","8","47","12","48","47","49","95","172","48","6","95","8","8","148","1","112","148","149","95","172","112","6","8","8","8","148","12","112","148","149","95","172","112","6","8","8","8","129","1","48","129","130","95","172","48","6","95","8","8","156660.0"
"205","86","1","89","86","87","88","173","89","10","8","8","8","86","12","89","86","87","88","173","89","10","8","8","8","86","1","89","86","87","88","173","89","6","8","8","8","86","12","89","86","87","88","173","89","6","8","8","8","127","1","20","127","22","88","173","20","6","57","8","8","127","12","20","127","22","88","173","20","6","57","8","8","80","1","81","80","80","88","173","81","6","57","8","8","3600.0"
"206","46","1","20","46","22","174","175","20","6","8","8","8","46","12","20","46","22","174","175","20","6","8","8","8","47","1","48","47","49","174","175","48","6","174","8","8","47","12","48","47","49","174","175","48","6","174","8","8","148","1","48","148","149","174","175","48","6","174","8","8","148","12","48","148","149","174","175","48","6","174","8","8","86","1","89","86","87","174","175","89","10","8","8","8","1274520.0"
"207","63","1","40","63","64","176","177","40","10","8","8","8","63","1","29","63","64","176","177","29","10","11","8","8","63","12","40","63","64","176","177","40","10","8","8","8","63","12","29","63","64","176","177","29","10","11","8","8","63","1","40","63","64","176","177","40","10","8","8","8","63","1","29","63","64","176","177","29","6","96","8","8","63","12","40","63","64","176","177","40","10","8","8","8","1727100.0"
"208","60","1","62","60","61","43","5","62","10","8","8","8","60","12","62","60","61","43","5","62","10","8","8","8","60","1","19","60","61","43","5","19","10","8","8","8","60","12","19","60","61","43","5","19","10","8","8","8","60","1","62","60","61","43","5","62","10","8","8","8","60","12","62","60","61","43","5","62","10","8","8","8","60","1","62","60","61","43","5","62","6","57","8","8","3305340.0"
"209","63","1","53","63","64","178","27","53","10","8","8","8","63","12","53","63","64","178","27","53","10","8","8","8","63","1","35","63","64","178","27","35","10","8","8","8","63","12","35","63","64","178","27","35","10","8","8","8","63","1","35","63","64","178","27","35","6","179","8","8","63","12","35","63","64","178","27","35","6","179","8","8","63","1","40","63","64","178","27","40","34","8","8","8","712800.0"
"21","0","1","2","0","3","147","169","2","10","8","8","8","0","12","2","0","3","147","169","2","10","8","8","8","0","1","29","0","3","147","169","29","6","180","8","8","0","12","29","0","3","147","169","29","6","180","8","8","46","1","20","46","22","147","169","20","6","8","8","8","0","1","9","0","3","147","169","9","6","8","8","8","0","1","9","0","3","147","169","9","6","88","8","8","3432960.0"
"210","63","1","29","63","64","181","17","29","6","11","8","8","63","12","29","63","64","181","17","29","6","11","8","8","63","1","53","63","64","181","17","53","10","11","8","8","63","12","53","63","64","181","17","53","10","11","8","8","63","1","53","63","64","181","17","53","6","76","8","8","63","12","53","63","64","181","17","53","6","76","8","8","63","1","29","63","64","181","17","29","6","51","8","8","1011600.0"
"211","46","1","20","46","22","182","17","20","6","8","8","8","46","12","20","46","22","182","17","20","6","8","8","8","47","1","145","47","49","182","17","145","6","88","8","8","47","12","145","47","49","182","17","145","6","88","8","8","47","1","153","47","49","182","17","153","6","183","8","8","47","12","153","47","49","182","17","153","6","183","8","8","148","1","112","148","149","182","17","112","6","8","8","8","522000.0"
"212","63","1","53","63","64","184","27","53","10","8","8","8","63","12","53","63","64","184","27","53","10","8","8","8","63","1","53","63","64","184","27","53","10","57","8","8","63","12","53","63","64","184","27","53","10","57","8","8","63","1","53","63","64","184","27","53","6","7","8","8","46","1","20","46","22","184","27","20","6","8","8","8","63","12","53","63","64","184","27","53","6","7","8","8","1132500.0"
"214","63","1","53","63","64","142","27","53","10","57","8","8","63","12","53","63","64","142","27","53","10","57","8","8","63","1","53","63","64","142","27","53","6","90","8","8","63","12","53","63","64","142","27","53","6","90","8","8","63","1","2","63","64","142","27","2","6","57","8","8","63","1","29","63","64","142","27","29","6","185","8","8","63","12","2","63","64","142","27","2","6","57","8","8","1484640.0"
"215","23","1","35","23","25","186","27","35","10","8","8","8","23","12","35","23","25","186","27","35","10","8","8","8","23","1","35","23","25","186","27","35","6","120","8","8","23","12","35","23","25","186","27","35","6","120","8","8","23","1","153","23","25","186","27","153","6","187","8","8","23","12","153","23","25","186","27","153","6","187","8","8","46","1","20","46","22","186","27","20","6","8","8","8","949500.0"
"218","188","1","189","188","190","191","177","189","6","192","8","8","188","12","189","188","190","191","177","189","6","192","8","8","188","1","193","188","190","191","177","193","6","114","8","8","188","12","193","188","190","191","177","193","6","114","8","8","188","1","193","188","190","191","177","193","6","192","8","8","188","12","193","188","190","191","177","193","6","192","8","8","188","1","189","188","190","191","177","189","6","184","8","8","453000.0"
"219","148","1","48","148","149","187","5","48","6","51","8","8","148","12","48","148","149","187","5","48","6","51","8","8","148","1","48","148","149","187","5","48","6","51","8","8","148","12","48","148","149","187","5","48","6","51","8","8","144","1","145","144","146","187","5","145","10","8","8","8","144","12","145","144","146","187","5","145","10","8","8","8","144","1","150","144","146","187","5","150","10","8","8","8","726420.0"
"22","13","1","62","13","15","95","27","62","6","96","8","8","13","12","62","13","15","95","27","62","6","96","8","8","13","1","19","13","15","95","27","19","10","57","8","8","13","12","19","13","15","95","27","19","10","57","8","8","13","1","19","13","15","95","27","19","6","66","8","8","13","12","19","13","15","95","27","19","6","66","8","8","13","1","19","13","15","95","27","19","10","8","8","8","490200.0"
"223","23","1","35","23","25","187","27","35","10","11","8","8","46","1","54","46","22","187","27","54","10","8","8","8","23","12","35","23","25","187","27","35","10","11","8","8","23","1","35","23","25","187","27","35","10","8","8","8","23","12","35","23","25","187","27","35","10","8","8","8","23","1","35","23","25","187","27","35","6","7","8","8","46","12","54","46","22","187","27","54","10","8","8","8","2105340.0"
"225","151","1","89","151","87","194","5","89","6","8","8","8","151","12","89","151","87","194","5","89","6","8","8","8","47","1","89","47","49","194","5","89","6","195","8","8","47","12","89","47","49","194","5","89","6","195","8","8","196","1","89","196","146","194","5","89","6","8","8","8","196","12","89","196","146","194","5","89","6","8","8","8","151","1","89","151","87","194","5","89","6","8","8","8","6931740.0"
"228","23","1","35","23","25","4","27","35","6","4","8","8","23","12","35","23","25","4","27","35","6","4","8","8","23","1","35","23","25","4","27","35","10","8","8","8","23","12","35","23","25","4","27","35","10","8","8","8","23","1","35","23","25","4","27","35","6","90","8","8","23","12","35","23","25","4","27","35","6","90","8","8","46","1","20","46","22","4","27","20","6","90","11","8","469860.0"
"229","23","1","35","23","25","36","27","35","10","8","8","8","21","1","54","21","22","36","27","54","10","8","8","8","21","12","54","21","22","36","27","54","10","8","8","8","23","12","35","23","25","36","27","35","10","8","8","8","23","1","29","23","25","36","27","29","6","76","8","8","23","12","29","23","25","36","27","29","6","76","8","8","23","1","35","23","25","36","27","35","6","96","8","8","580920.0"
"23","197","1","40","197","41","43","97","40","10","8","8","8","197","12","40","197","41","43","97","40","10","8","8","8","197","1","2","197","41","43","97","2","6","43","8","8","197","12","2","197","41","43","97","2","6","43","8","8","39","1","29","39","41","43","97","29","10","8","8","8","39","12","29","39","41","43","97","29","10","8","8","8","21","1","45","21","22","43","97","45","6","43","8","8","3112800.0"
"230","63","1","53","63","64","198","17","53","34","8","8","8","63","1","53","63","64","198","17","53","10","8","8","8","63","12","53","63","64","198","17","53","34","8","8","8","63","12","53","63","64","198","17","53","10","8","8","8","63","1","53","63","64","198","17","53","10","11","8","8","63","12","53","63","64","198","17","53","10","11","8","8","63","1","53","63","64","198","17","53","6","109","8","8","4503540.0"
"231","148","1","48","148","149","76","5","48","6","44","8","8","148","12","48","148","149","76","5","48","6","44","8","8","144","1","145","144","146","76","5","145","10","11","8","8","144","12","145","144","146","76","5","145","10","11","8","8","144","1","145","144","146","76","5","145","6","57","8","8","144","12","145","144","146","76","5","145","6","57","8","8","144","1","150","144","146","76","5","150","6","4","8","8","661920.0"
"232","46","1","45","46","22","95","5","45","6","96","11","8","39","1","40","39","41","95","5","40","6","66","8","8","46","12","45","46","22","95","5","45","6","96","11","8","47","1","89","47","49","95","5","89","6","96","8","8","39","12","40","39","41","95","5","40","6","66","8","8","47","12","89","47","49","95","5","89","6","96","8","8","148","1","85","148","149","95","5","85","6","96","8","8","762000.0"
"233","199","1","62","199","15","36","27","62","6","8","8","8","199","1","19","199","15","36","27","19","10","57","8","8","199","12","62","199","15","36","27","62","6","8","8","8","199","12","19","199","15","36","27","19","10","57","8","8","199","1","19","199","15","36","27","19","6","28","8","8","199","12","19","199","15","36","27","19","6","28","8","8","199","1","9","199","15","36","27","9","6","90","8","8","976140.0"
"234","21","1","54","21","22","116","203","54","6","8","8","8","21","12","54","21","22","116","203","54","6","8","8","8","21","1","54","21","22","116","203","54","6","204","11","8","21","12","54","21","22","116","203","54","6","204","11","8","200","1","124","200","202","116","203","124","6","8","8","8","200","12","124","200","202","116","203","124","6","8","8","8","200","1","201","200","202","116","203","201","6","8","8","8","4813560.0"
"235","46","1","67","46","22","43","205","67","10","8","8","8","46","12","67","46","22","43","205","67","10","8","8","8","46","1","67","46","22","43","205","67","10","8","8","8","60","1","14","60","61","43","205","14","10","8","8","8","46","12","67","46","22","43","205","67","10","8","8","8","60","12","14","60","61","43","205","14","10","8","8","8","60","1","14","60","61","43","205","14","10","8","8","8","2997720.0"
"236","86","1","85","86","87","76","17","85","10","8","8","8","86","12","85","86","87","76","17","85","10","8","8","8","86","1","85","86","87","76","17","85","6","8","8","8","86","12","85","86","87","76","17","85","6","8","8","8","46","1","20","46","22","76","17","20","6","8","8","8","86","1","89","86","87","76","17","89","6","8","8","8","46","12","20","46","22","76","17","20","6","8","8","8","234960.0"
"237","46","1","20","46","22","206","207","20","6","208","8","8","46","12","20","46","22","206","207","20","6","208","8","8","0","1","2","0","3","206","207","2","6","118","8","8","0","12","2","0","3","206","207","2","6","118","8","8","46","1","20","46","22","206","207","20","6","209","8","8","46","12","20","46","22","206","207","20","6","209","8","8","46","1","20","46","22","206","207","20","6","8","66","8","5464260.0"
"238","0","1","53","0","3","210","56","53","10","8","8","8","0","12","53","0","3","210","56","53","10","8","8","8","0","1","29","0","3","210","56","29","10","8","8","8","0","12","29","0","3","210","56","29","10","8","8","8","0","1","29","0","3","210","56","29","6","4","8","8","0","12","29","0","3","210","56","29","6","4","8","8","0","1","53","0","3","210","56","53","6","37","8","8","3906000.0"
"239","63","1","53","63","64","111","27","53","10","11","8","8","63","12","53","63","64","111","27","53","10","11","8","8","63","1","40","63","64","111","27","40","10","11","8","8","63","1","29","63","64","111","27","29","10","57","8","8","63","12","40","63","64","111","27","40","10","11","8","8","46","1","20","46","22","111","27","20","6","8","8","8","46","12","20","46","22","111","27","20","6","8","8","8","1258260.0"
"24","39","1","9","39","41","43","97","9","10","11","8","8","39","12","9","39","41","43","97","9","10","11","8","8","39","1","9","39","41","43","97","9","6","79","8","8","39","12","9","39","41","43","97","9","6","79","8","8","46","1","45","46","22","43","97","45","6","79","11","8","46","12","45","46","22","43","97","45","6","79","11","8","47","1","112","47","49","43","97","112","6","79","8","8","3511680.0"
"240","63","1","53","63","64","211","212","53","10","8","8","8","63","12","53","63","64","211","212","53","10","8","8","8","63","1","29","63","64","211","212","29","10","11","8","8","63","12","29","63","64","211","212","29","10","11","8","8","63","1","40","63","64","211","212","40","6","111","8","8","63","12","40","63","64","211","212","40","6","111","8","8","63","1","53","63","64","211","212","53","6","37","8","8","1141440.0"
"241","63","1","40","63","64","111","27","40","10","8","8","8","63","12","40","63","64","111","27","40","10","8","8","8","63","1","40","63","64","111","27","40","10","8","8","8","63","12","40","63","64","111","27","40","10","8","8","8","63","1","2","63","64","111","27","2","10","11","8","8","63","12","2","63","64","111","27","2","10","11","8","8","46","1","54","46","22","111","27","54","6","8","11","8","324000.0"
"242","63","1","53","63","64","91","17","53","10","57","8","8","63","12","53","63","64","91","17","53","10","57","8","8","63","1","53","63","64","91","17","53","6","66","8","8","63","12","53","63","64","91","17","53","6","66","8","8","63","1","2","63","64","91","17","2","6","96","8","8","63","12","2","63","64","91","17","2","6","96","8","8","63","1","29","63","64","91","17","29","6","18","8","8","738840.0"
"243","63","1","53","63","64","4","17","53","10","8","8","8","63","12","53","63","64","4","17","53","10","8","8","8","63","1","29","63","64","4","17","29","10","11","8","8","46","1","54","46","22","4","17","54","6","8","8","8","63","12","29","63","64","4","17","29","10","11","8","8","63","1","29","63","64","4","17","29","6","90","8","8","46","12","54","46","22","4","17","54","6","8","8","8","1108140.0"
"244","148","1","85","148","149","95","5","85","6","57","8","8","148","12","85","148","149","95","5","85","6","57","8","8","148","1","85","148","149","95","5","85","6","66","8","8","148","12","85","148","149","95","5","85","6","66","8","8","213","1","85","213","155","95","5","85","10","8","8","8","213","12","85","213","155","95","5","85","10","8","8","8","213","1","85","213","155","95","5","85","6","8","8","8","400140.0"
"245","13","1","19","13","15","95","5","19","10","8","8","8","13","1","19","13","15","95","5","19","34","8","8","8","13","12","19","13","15","95","5","19","34","8","8","8","46","1","67","46","22","95","5","67","10","8","8","8","46","12","67","46","22","95","5","67","10","8","8","8","13","12","19","13","15","95","5","19","10","8","8","8","13","1","19","13","15","95","5","19","10","11","8","8","2648280.0"
"246","13","1","62","13","15","167","214","62","6","4","8","8","13","12","62","13","15","167","214","62","6","4","8","8","13","1","19","13","15","167","214","19","6","28","8","8","13","12","19","13","15","167","214","19","6","28","8","8","13","1","62","13","15","167","214","62","6","109","8","8","13","12","62","13","15","167","214","62","6","109","8","8","46","1","54","46","22","167","214","54","6","118","57","8","410400.0"
"248","13","1","19","13","15","36","32","19","10","11","8","8","13","12","19","13","15","36","32","19","10","11","8","8","13","1","19","13","15","36","32","19","6","28","8","8","13","12","19","13","15","36","32","19","6","28","8","8","13","1","62","13","15","36","32","62","6","111","8","8","13","12","62","13","15","36","32","62","6","111","8","8","148","1","112","148","149","36","32","112","6","8","8","8","721440.0"
"249","23","1","35","23","25","215","27","35","10","11","8","8","23","12","35","23","25","215","27","35","10","11","8","8","23","1","35","23","25","215","27","35","10","8","8","8","23","12","35","23","25","215","27","35","10","8","8","8","46","1","54","46","22","215","27","54","6","8","8","8","46","12","54","46","22","215","27","54","6","8","8","8","23","1","35","23","25","215","27","35","6","26","8","8","776220.0"
"25","39","1","40","39","41","43","97","40","10","96","8","8","39","12","40","39","41","43","97","40","10","96","8","8","39","1","40","39","41","43","97","40","6","90","8","8","39","12","40","39","41","43","97","40","6","90","8","8","39","1","40","39","41","43","97","40","10","8","8","8","39","12","40","39","41","43","97","40","10","8","8","8","39","1","29","39","41","43","97","29","10","11","8","8","3072120.0"
"250","218","1","217","218","219","100","216","217","10","8","8","8","218","12","217","218","219","100","216","217","10","8","8","8","218","1","217","218","219","100","216","217","10","8","8","8","218","12","217","218","219","100","216","217","10","8","8","8","127","1","67","127","22","100","216","67","6","8","8","8","218","1","217","218","219","100","216","217","6","7","8","8","127","12","67","127","22","100","216","67","6","8","8","8","562200.0"
"251","39","1","40","39","41","95","5","40","10","8","8","8","39","12","40","39","41","95","5","40","10","8","8","8","39","1","9","39","41","95","5","9","10","11","8","8","39","12","9","39","41","95","5","9","10","11","8","8","39","1","9","39","41","95","5","9","6","96","8","8","39","12","9","39","41","95","5","9","6","96","8","8","46","1","67","46","22","95","5","67","6","95","8","8","3825300.0"
"252","63","1","53","63","64","79","27","53","10","57","8","8","63","12","53","63","64","79","27","53","10","57","8","8","63","1","53","63","64","79","27","53","10","8","8","8","63","1","20","63","64","79","27","20","6","8","8","8","63","12","53","63","64","79","27","53","10","8","8","8","63","12","20","63","64","79","27","20","6","8","8","8","46","1","20","46","22","79","27","20","6","8","8","8","411000.0"
"253","13","1","62","13","15","111","220","62","10","11","8","8","13","12","62","13","15","111","220","62","10","11","8","8","13","1","62","13","15","111","220","62","6","57","8","8","13","12","62","13","15","111","220","62","6","57","8","8","46","1","20","46","22","111","220","20","6","8","8","8","13","1","19","13","15","111","220","19","6","43","8","8","46","12","20","46","22","111","220","20","6","8","8","8","579420.0"
"254","47","1","48","47","49","221","17","48","6","221","8","8","47","12","48","47","49","221","17","48","6","221","8","8","129","1","48","129","130","221","17","48","6","59","8","8","129","12","48","129","130","221","17","48","6","59","8","8","129","1","48","129","130","221","17","48","6","55","8","8","129","12","48","129","130","221","17","48","6","55","8","8","129","1","112","129","130","221","17","112","6","222","8","8","172620.0"
"255","113","1","35","113","139","91","52","35","6","91","8","8","113","12","35","113","139","91","52","35","6","91","8","8","21","1","20","21","22","91","52","20","6","91","8","8","21","12","20","21","22","91","52","20","6","91","8","8","47","1","48","47","49","91","52","48","6","91","8","8","47","12","48","47","49","91","52","48","6","91","8","8","127","1","20","127","22","91","52","20","6","91","8","8","398280.0"
"256","113","1","35","113","139","59","223","35","6","76","8","8","113","12","35","113","139","59","223","35","6","76","8","8","113","1","9","113","139","59","223","9","6","224","8","8","113","12","9","113","139","59","223","9","6","224","8","8","113","1","53","113","139","59","223","53","6","114","8","8","113","12","53","113","139","59","223","53","6","114","8","8","21","1","54","21","22","59","223","54","6","59","8","8","3018600.0"
"257","39","1","53","39","41","142","5","53","10","8","8","8","39","12","53","39","41","142","5","53","10","8","8","8","39","1","9","39","41","142","5","9","10","11","8","8","39","12","9","39","41","142","5","9","10","11","8","8","39","1","40","39","41","142","5","40","6","4","8","8","39","12","40","39","41","142","5","40","6","4","8","8","39","1","77","39","41","142","5","77","6","76","8","8","6791460.0"
"258","63","1","53","63","64","55","27","53","10","11","8","8","63","12","53","63","64","55","27","53","10","11","8","8","63","1","53","63","64","55","27","53","6","11","8","8","63","12","53","63","64","55","27","53","6","11","8","8","63","1","29","63","64","55","27","29","6","66","8","8","63","12","29","63","64","55","27","29","6","66","8","8","63","1","29","63","64","55","27","29","10","8","8","8","1532700.0"
"259","60","1","62","60","61","225","141","62","10","8","8","8","60","12","62","60","61","225","141","62","10","8","8","8","60","1","62","60","61","225","141","62","6","57","8","8","60","12","62","60","61","225","141","62","6","57","8","8","60","1","14","60","61","225","141","14","6","26","8","8","60","12","14","60","61","225","141","14","6","26","8","8","60","1","53","60","61","225","141","53","6","18","8","8","6138600.0"
"26","0","1","2","0","3","43","97","2","10","8","8","8","0","12","2","0","3","43","97","2","10","8","8","8","0","1","53","0","3","43","97","53","10","11","8","8","0","12","53","0","3","43","97","53","10","11","8","8","0","1","53","0","3","43","97","53","34","8","8","8","0","12","53","0","3","43","97","53","34","8","8","8","0","1","9","0","3","43","97","9","10","8","8","8","3559620.0"
"260","63","1","29","63","64","226","27","29","10","8","8","8","63","12","29","63","64","226","27","29","10","8","8","8","63","1","29","63","64","226","27","29","10","11","8","8","63","12","29","63","64","226","27","29","10","11","8","8","63","1","29","63","64","226","27","29","6","66","8","8","63","12","29","63","64","226","27","29","6","66","8","8","63","1","53","63","64","226","27","53","6","102","8","8","4727280.0"
"261","23","1","35","23","25","116","212","35","10","8","8","8","23","12","35","23","25","116","212","35","10","8","8","8","23","1","35","23","25","116","212","35","6","187","8","8","23","12","35","23","25","116","212","35","6","187","8","8","46","1","20","46","22","116","212","20","6","8","8","8","46","12","20","46","22","116","212","20","6","8","8","8","23","1","24","23","25","116","212","24","6","187","8","8","604500.0"
"262","63","1","2","63","64","167","17","2","10","57","8","8","63","12","2","63","64","167","17","2","10","57","8","8","63","1","29","63","64","167","17","29","10","8","8","8","63","12","29","63","64","167","17","29","10","8","8","8","63","1","29","63","64","167","17","29","6","70","8","8","63","12","29","63","64","167","17","29","6","70","8","8","46","1","20","46","22","167","17","20","6","8","8","8","198300.0"
"263","23","1","24","23","25","26","227","24","10","8","8","8","23","12","24","23","25","26","227","24","10","8","8","8","23","1","24","23","25","26","227","24","10","8","8","8","23","12","24","23","25","26","227","24","10","8","8","8","23","1","24","23","25","26","227","24","10","11","8","8","46","1","54","46","22","26","227","54","6","8","8","8","23","12","24","23","25","26","227","24","10","11","8","8","1611720.0"
"264","63","1","77","63","64","228","212","77","10","57","8","8","63","12","77","63","64","228","212","77","10","57","8","8","63","1","77","63","64","228","212","77","6","57","8","8","63","1","29","63","64","228","212","29","6","96","8","8","63","12","77","63","64","228","212","77","6","57","8","8","63","12","29","63","64","228","212","29","6","96","8","8","63","1","53","63","64","228","212","53","6","100","8","8","231720.0"
"265","113","1","35","113","139","90","173","35","10","8","8","8","113","12","35","113","139","90","173","35","10","8","8","8","113","1","35","113","139","90","173","35","6","90","8","8","113","12","35","113","139","90","173","35","6","90","8","8","23","1","35","23","25","90","173","35","10","8","8","8","23","1","35","23","25","90","173","35","10","8","8","8","23","1","35","23","25","90","173","35","6","90","8","8","869640.0"
"266","46","1","67","46","22","229","5","67","6","8","8","8","46","12","67","46","22","229","5","67","6","8","8","8","39","1","40","39","41","229","5","40","10","8","8","8","39","12","40","39","41","229","5","40","10","8","8","8","39","1","9","39","41","229","5","9","6","230","8","8","39","12","9","39","41","229","5","9","6","230","8","8","39","1","40","39","41","229","5","40","6","167","8","8","7322940.0"
"267","0","1","2","0","3","159","160","2","10","8","8","8","0","12","2","0","3","159","160","2","10","8","8","8","0","1","53","0","3","159","160","53","10","57","8","8","0","12","53","0","3","159","160","53","10","57","8","8","0","1","53","0","3","159","160","53","6","51","8","8","0","12","53","0","3","159","160","53","6","51","8","8","0","1","2","0","3","159","160","2","6","76","8","8","7233960.0"
"268","23","1","35","23","25","114","231","35","10","11","8","8","23","12","35","23","25","114","231","35","10","11","8","8","23","1","35","23","25","114","231","35","10","8","8","8","46","1","20","46","22","114","231","20","6","8","8","8","23","12","35","23","25","114","231","35","10","8","8","8","46","12","20","46","22","114","231","20","6","8","8","8","23","1","35","23","25","114","231","35","10","8","8","8","1813980.0"
"269","23","1","35","23","25","79","27","35","10","8","8","8","23","12","35","23","25","79","27","35","10","8","8","8","23","1","35","23","25","79","27","35","10","102","8","8","46","1","54","46","22","79","27","54","6","8","8","8","23","1","35","23","25","79","27","35","10","11","8","8","23","12","35","23","25","79","27","35","10","11","8","8","46","12","54","46","22","79","27","54","6","8","8","8","1708500.0"
"27","23","1","35","23","25","79","27","35","10","8","8","8","23","12","35","23","25","79","27","35","10","8","8","8","23","1","35","23","25","79","27","35","10","11","8","8","23","12","35","23","25","79","27","35","10","11","8","8","23","1","35","23","25","79","27","35","10","8","8","8","23","12","35","23","25","79","27","35","10","8","8","8","23","1","35","23","25","79","27","35","6","30","8","8","513960.0"
"271","39","1","9","39","41","142","5","9","10","8","8","8","39","1","9","39","41","142","5","9","10","8","8","8","39","12","9","39","41","142","5","9","10","8","8","8","39","12","9","39","41","142","5","9","10","8","8","8","39","1","9","39","41","142","5","9","6","74","8","8","39","12","9","39","41","142","5","9","6","74","8","8","39","1","40","39","41","142","5","40","34","8","8","8","6630900.0"
"272","13","1","19","13","15","76","17","19","10","8","8","8","13","12","19","13","15","76","17","19","10","8","8","8","13","1","62","13","15","76","17","62","10","11","8","8","13","12","62","13","15","76","17","62","10","11","8","8","13","1","62","13","15","76","17","62","6","111","8","8","13","12","62","13","15","76","17","62","6","111","8","8","13","1","19","13","15","76","17","19","6","66","8","8","1394100.0"
"273","13","1","19","13","15","79","17","19","10","11","8","8","13","12","19","13","15","79","17","19","10","11","8","8","13","1","19","13","15","79","17","19","6","66","8","8","13","1","14","13","15","79","17","14","6","7","8","8","13","12","14","13","15","79","17","14","6","7","8","8","46","1","20","46","22","79","17","20","6","79","8","8","13","12","19","13","15","79","17","19","6","66","8","8","1853580.0"
"274","23","1","24","23","25","66","17","24","10","11","8","8","23","12","24","23","25","66","17","24","10","11","8","8","23","1","24","23","25","66","17","24","34","8","8","8","46","1","54","46","22","66","17","54","6","8","8","8","46","12","54","46","22","66","17","54","6","8","8","8","23","12","24","23","25","66","17","24","34","8","8","8","23","1","24","23","25","66","17","24","6","57","8","8","139620.0"
"277","218","1","217","218","219","66","5","217","6","66","8","8","218","12","217","218","219","66","5","217","6","66","8","8","46","1","45","46","22","66","5","45","6","66","8","8","46","12","45","46","22","66","5","45","6","66","8","8","148","1","85","148","149","66","5","85","6","66","8","8","148","12","85","148","149","66","5","85","6","66","8","8","86","1","85","86","87","66","5","85","10","8","8","8","332940.0"
"28","63","1","53","63","64","152","27","53","10","8","8","8","63","12","53","63","64","152","27","53","10","8","8","8","63","1","53","63","64","152","27","53","10","66","8","8","63","12","53","63","64","152","27","53","10","66","8","8","63","1","2","63","64","152","27","2","10","57","8","8","46","1","20","46","22","152","27","20","6","8","8","8","46","12","20","46","22","152","27","20","6","8","8","8","3513240.0"
"29","60","1","14","60","61","180","5","14","10","8","8","8","60","12","14","60","61","180","5","14","10","8","8","8","60","1","62","60","61","180","5","62","10","8","8","8","60","12","62","60","61","180","5","62","10","8","8","8","60","1","19","60","61","180","5","19","10","8","8","8","60","12","19","60","61","180","5","19","10","8","8","8","60","1","62","60","61","180","5","62","6","36","8","8","3541740.0"
"3","39","1","2","39","41","4","5","2","10","57","8","8","46","1","67","46","22","4","5","67","10","8","8","8","39","12","2","39","41","4","5","2","10","57","8","8","46","12","67","46","22","4","5","67","10","8","8","8","0","1","9","0","3","4","5","9","6","7","8","8","0","12","9","0","3","4","5","9","6","7","8","8","46","1","67","46","22","4","5","67","6","4","8","8","1533600.0"
"30","39","1","29","39","41","55","5","29","10","7","8","8","46","1","67","46","22","55","5","67","6","8","8","8","46","12","67","46","22","55","5","67","6","8","8","8","39","12","29","39","41","55","5","29","10","7","8","8","39","1","77","39","41","55","5","77","6","8","8","8","39","12","77","39","41","55","5","77","6","8","8","8","39","1","40","39","41","55","5","40","6","232","8","8","81240.0"
"31","0","1","9","0","3","187","5","9","10","8","8","8","0","12","9","0","3","187","5","9","10","8","8","8","0","1","9","0","3","187","5","9","10","11","8","8","0","12","9","0","3","187","5","9","10","11","8","8","0","1","9","0","3","187","5","9","6","66","8","8","0","12","9","0","3","187","5","9","6","66","8","8","0","1","29","0","3","187","5","29","6","135","8","8","3177360.0"
"32","39","1","53","39","41","157","32","53","10","8","8","8","39","12","53","39","41","157","32","53","10","8","8","8","39","1","40","39","41","157","32","40","10","8","8","8","39","12","40","39","41","157","32","40","10","8","8","8","39","1","29","39","41","157","32","29","10","8","8","8","39","12","29","39","41","157","32","29","10","8","8","8","39","1","40","39","41","157","32","40","10","66","8","8","2482560.0"
"33","63","1","53","63","64","187","27","53","10","11","8","8","63","12","53","63","64","187","27","53","10","11","8","8","46","1","20","46","22","187","27","20","6","8","8","8","63","1","53","63","64","187","27","53","10","11","8","8","46","12","20","46","22","187","27","20","6","8","8","8","63","12","53","63","64","187","27","53","10","11","8","8","63","1","53","63","64","187","27","53","6","57","8","8","1969020.0"
"34","60","1","14","60","61","76","32","14","10","11","8","8","60","12","14","60","61","76","32","14","10","11","8","8","60","1","19","60","61","76","32","19","10","11","8","8","60","12","19","60","61","76","32","19","10","11","8","8","60","1","19","60","61","76","32","19","6","102","8","8","60","12","19","60","61","76","32","19","6","102","8","8","60","1","9","60","61","76","32","9","6","4","8","8","1991640.0"
"35","39","1","40","39","41","51","5","40","10","8","8","8","39","12","40","39","41","51","5","40","10","8","8","8","39","1","53","39","41","51","5","53","10","8","8","8","39","12","53","39","41","51","5","53","10","8","8","8","39","1","29","39","41","51","5","29","10","57","8","8","39","1","40","39","41","51","5","40","6","43","8","8","39","12","29","39","41","51","5","29","10","57","8","8","2398800.0"
"36","39","1","29","39","41","76","5","29","10","8","8","8","39","12","29","39","41","76","5","29","10","8","8","8","39","1","40","39","41","76","5","40","10","11","8","8","39","12","40","39","41","76","5","40","10","11","8","8","0","1","9","0","3","76","5","9","10","8","8","8","39","1","9","39","41","76","5","9","10","8","8","8","0","12","9","0","3","76","5","9","10","8","8","8","1505700.0"
"37","23","1","35","23","25","167","27","35","10","11","8","8","93","1","62","93","15","167","27","62","6","8","8","8","93","12","62","93","15","167","27","62","6","8","8","8","23","12","35","23","25","167","27","35","10","11","8","8","23","1","35","23","25","167","27","35","10","11","8","8","23","12","35","23","25","167","27","35","10","11","8","8","23","1","53","23","25","167","27","53","6","30","8","8","1918560.0"
"38","0","1","2","0","3","179","5","2","10","8","8","8","0","12","2","0","3","179","5","2","10","8","8","8","39","1","40","39","41","179","5","40","10","11","8","8","39","12","40","39","41","179","5","40","10","11","8","8","0","1","9","0","3","179","5","9","10","8","8","8","0","12","9","0","3","179","5","9","10","8","8","8","0","1","9","0","3","179","5","9","6","57","8","8","4804380.0"
"39","60","1","62","60","61","4","17","62","10","11","8","8","60","12","62","60","61","4","17","62","10","11","8","8","60","1","62","60","61","4","17","62","10","11","8","8","46","1","54","46","22","4","17","54","6","8","8","8","46","12","54","46","22","4","17","54","6","8","8","8","60","12","62","60","61","4","17","62","10","11","8","8","60","1","62","60","61","4","17","62","6","7","8","8","450300.0"
"4","75","1","9","75","41","51","5","9","10","8","8","8","75","12","9","75","41","51","5","9","10","8","8","8","39","1","29","39","41","51","5","29","10","11","8","8","46","1","45","46","22","51","5","45","6","11","8","8","39","12","29","39","41","51","5","29","10","11","8","8","39","1","29","39","41","51","5","29","6","8","8","8","46","12","45","46","22","51","5","45","6","11","8","8","75360.0"
"40","93","1","19","93","15","167","17","19","10","8","8","8","93","12","19","93","15","167","17","19","10","8","8","8","93","1","62","93","15","167","17","62","10","11","8","8","93","12","62","93","15","167","17","62","10","11","8","8","93","1","19","93","15","167","17","19","10","11","8","8","93","12","19","93","15","167","17","19","10","11","8","8","93","1","19","93","15","167","17","19","6","96","8","8","1192380.0"
"41","13","1","19","13","15","76","17","19","10","11","8","8","13","12","19","13","15","76","17","19","10","11","8","8","13","1","19","13","15","76","17","19","10","8","8","8","46","1","20","46","22","76","17","20","6","8","8","8","13","12","19","13","15","76","17","19","10","8","8","8","13","1","19","13","15","76","17","19","6","90","8","8","46","12","20","46","22","76","17","20","6","8","8","8","1641480.0"
"42","63","1","53","63","64","59","17","53","10","11","8","8","63","12","53","63","64","59","17","53","10","11","8","8","63","1","53","63","64","59","17","53","6","76","8","8","63","12","53","63","64","59","17","53","6","76","8","8","46","1","20","46","22","59","17","20","6","8","8","8","46","12","20","46","22","59","17","20","6","8","8","8","63","1","2","63","64","59","17","2","6","88","8","8","492180.0"
"43","23","1","24","23","25","135","27","24","10","8","8","8","23","12","24","23","25","135","27","24","10","8","8","8","23","1","35","23","25","135","27","35","10","11","8","8","46","1","20","46","22","135","27","20","6","8","8","8","23","12","35","23","25","135","27","35","10","11","8","8","46","12","20","46","22","135","27","20","6","8","8","8","23","1","35","23","25","135","27","35","6","28","8","8","383940.0"
"44","233","1","14","233","61","234","235","14","10","8","8","8","233","12","14","233","61","234","235","14","10","8","8","8","233","1","62","233","61","234","235","62","10","11","8","8","233","12","62","233","61","234","235","62","10","11","8","8","233","1","62","233","61","234","235","62","6","79","8","8","233","12","62","233","61","234","235","62","6","79","8","8","233","1","14","233","61","234","235","14","6","102","8","8","2137980.0"
"45","63","1","53","63","64","51","17","53","10","11","8","8","63","12","53","63","64","51","17","53","10","11","8","8","63","1","29","63","64","51","17","29","10","11","8","8","63","12","29","63","64","51","17","29","10","11","8","8","63","1","29","63","64","51","17","29","6","43","8","8","63","12","29","63","64","51","17","29","6","43","8","8","46","1","20","46","22","51","17","20","6","8","8","8","608340.0"
"46","63","1","40","63","64","4","27","40","10","8","8","8","63","12","40","63","64","4","27","40","10","8","8","8","63","1","29","63","64","4","27","29","10","8","8","8","63","12","29","63","64","4","27","29","10","8","8","8","63","1","40","63","64","4","27","40","10","8","8","8","63","1","53","63","64","4","27","53","10","11","8","8","63","12","40","63","64","4","27","40","10","8","8","8","190440.0"
"47","23","1","24","23","25","4","27","24","10","11","8","8","23","12","24","23","25","4","27","24","10","11","8","8","23","1","24","23","25","4","27","24","34","8","8","8","46","1","20","46","22","4","27","20","6","8","8","8","23","12","24","23","25","4","27","24","34","8","8","8","23","1","24","23","25","4","27","24","6","90","8","8","46","12","20","46","22","4","27","20","6","8","8","8","1419000.0"
"48","0","1","2","0","3","187","5","2","10","8","8","8","0","12","2","0","3","187","5","2","10","8","8","8","0","1","9","0","3","187","5","9","10","57","8","8","0","12","9","0","3","187","5","9","10","57","8","8","0","1","9","0","3","187","5","9","6","192","8","8","0","12","9","0","3","187","5","9","6","192","8","8","46","1","54","46","22","187","5","54","6","8","8","8","3134520.0"
"49","23","1","35","23","25","28","27","35","10","8","8","8","46","1","67","46","22","28","27","67","10","8","8","8","23","12","35","23","25","28","27","35","10","8","8","8","46","12","67","46","22","28","27","67","10","8","8","8","23","1","35","23","25","28","27","35","6","102","8","8","23","12","35","23","25","28","27","35","6","102","8","8","63","1","98","63","64","28","27","98","6","8","11","8","1067580.0"
"50","63","1","35","63","64","90","27","35","10","8","8","8","63","12","35","63","64","90","27","35","10","8","8","8","63","1","35","63","64","90","27","35","10","8","8","8","63","12","35","63","64","90","27","35","10","8","8","8","63","1","35","63","64","90","27","35","10","8","8","8","63","12","35","63","64","90","27","35","10","8","8","8","63","1","35","63","64","90","27","35","6","90","8","8","1237620.0"
"52","23","1","35","23","25","222","27","35","6","43","8","8","23","12","35","23","25","222","27","35","6","43","8","8","23","1","24","23","25","222","27","24","10","8","8","8","23","12","24","23","25","222","27","24","10","8","8","8","23","1","24","23","25","222","27","24","34","8","8","8","23","12","24","23","25","222","27","24","34","8","8","8","23","1","24","23","25","222","27","24","10","8","8","8","632940.0"
"53","23","1","35","23","25","4","236","35","10","8","8","8","23","12","35","23","25","4","236","35","10","8","8","8","23","1","24","23","25","4","236","24","10","8","8","8","23","12","24","23","25","4","236","24","10","8","8","8","23","1","24","23","25","4","236","24","34","8","8","8","23","12","24","23","25","4","236","24","34","8","8","8","23","1","24","23","25","4","236","24","10","11","8","8","886020.0"
"54","0","1","40","0","3","36","27","40","10","8","8","8","0","12","40","0","3","36","27","40","10","8","8","8","0","1","2","0","3","36","27","2","10","8","8","8","0","12","2","0","3","36","27","2","10","8","8","8","0","1","9","0","3","36","27","9","10","8","8","8","0","12","9","0","3","36","27","9","10","8","8","8","0","1","9","0","3","36","27","9","6","30","8","8","258780.0"
"55","233","1","14","233","61","237","212","14","10","11","8","8","233","12","14","233","61","237","212","14","10","11","8","8","233","1","62","233","61","237","212","62","10","8","8","8","233","12","62","233","61","237","212","62","10","8","8","8","233","1","62","233","61","237","212","62","6","30","8","8","233","12","62","233","61","237","212","62","6","30","8","8","46","1","54","46","22","237","212","54","6","8","8","8","3262560.0"
"56","113","1","24","113","25","36","17","24","34","8","8","8","113","12","24","113","25","36","17","24","34","8","8","8","113","1","35","113","25","36","17","35","10","8","8","8","80","1","81","80","80","36","17","81","6","36","8","8","80","12","81","80","80","36","17","81","6","36","8","8","113","12","35","113","25","36","17","35","10","8","8","8","113","1","35","113","25","36","17","35","6","36","8","8","36660.0"
"58","86","1","85","86","87","74","38","85","10","8","8","8","86","12","85","86","87","74","38","85","10","8","8","8","86","1","85","86","87","74","38","85","10","8","8","8","86","12","85","86","87","74","38","85","10","8","8","8","86","1","89","86","87","74","38","89","6","4","8","8","86","12","89","86","87","74","38","89","6","4","8","8","86","1","85","86","87","74","38","85","6","26","8","8","697560.0"
"59","63","1","53","63","64","4","27","53","10","57","8","8","63","12","53","63","64","4","27","53","10","57","8","8","63","1","40","63","64","4","27","40","6","28","8","8","63","12","40","63","64","4","27","40","6","28","8","8","63","1","29","63","64","4","27","29","6","11","8","8","63","12","29","63","64","4","27","29","6","11","8","8","46","1","20","46","22","4","27","20","6","28","8","8","187980.0"
"6","23","1","35","23","25","238","212","35","10","11","8","8","23","1","35","23","25","238","212","35","10","8","8","8","23","12","35","23","25","238","212","35","10","11","8","8","23","12","35","23","25","238","212","35","10","8","8","8","23","1","24","23","25","238","212","24","10","8","8","8","23","12","24","23","25","238","212","24","10","8","8","8","23","1","24","23","25","238","212","24","10","11","8","8","1674900.0"
"60","113","1","24","113","25","51","239","24","10","8","8","8","113","12","24","113","25","51","239","24","10","8","8","8","148","1","48","148","149","51","239","48","6","51","8","8","148","12","48","148","149","51","239","48","6","51","8","8","113","1","35","113","25","51","239","35","10","8","8","8","113","12","35","113","25","51","239","35","10","8","8","8","21","1","54","21","22","51","239","54","10","8","8","8","237600.0"
"61","13","1","19","13","15","91","164","19","10","11","8","8","13","1","19","13","15","91","164","19","34","8","8","8","13","12","19","13","15","91","164","19","34","8","8","8","13","12","19","13","15","91","164","19","10","11","8","8","13","1","19","13","15","91","164","19","6","66","8","8","13","12","19","13","15","91","164","19","6","66","8","8","13","1","9","13","15","91","164","9","6","31","8","8","3605760.0"
"62","23","1","24","23","25","90","27","24","10","8","8","8","23","12","24","23","25","90","27","24","10","8","8","8","23","1","24","23","25","90","27","24","34","8","8","8","23","12","24","23","25","90","27","24","34","8","8","8","23","1","24","23","25","90","27","24","10","11","8","8","23","12","24","23","25","90","27","24","10","11","8","8","23","1","24","23","25","90","27","24","34","8","8","8","2412180.0"
"63","0","1","29","0","3","240","5","29","10","8","8","8","0","12","29","0","3","240","5","29","10","8","8","8","0","1","29","0","3","240","5","29","10","8","8","8","0","12","29","0","3","240","5","29","10","8","8","8","0","1","40","0","3","240","5","40","6","90","8","8","46","1","67","46","22","240","5","67","10","8","8","8","46","12","67","46","22","240","5","67","10","8","8","8","4138800.0"
"64","39","1","40","39","41","241","5","40","10","57","8","8","39","12","40","39","41","241","5","40","10","57","8","8","39","1","9","39","41","241","5","9","6","242","8","8","39","12","9","39","41","241","5","9","6","242","8","8","39","1","29","39","41","241","5","29","6","187","8","8","39","12","29","39","41","241","5","29","6","187","8","8","39","1","9","39","41","241","5","9","6","37","8","8","164820.0"
"65","13","1","19","13","15","65","212","19","6","95","8","8","13","12","19","13","15","65","212","19","6","95","8","8","46","1","20","46","22","65","212","20","6","8","8","8","46","12","20","46","22","65","212","20","6","8","8","8","13","1","62","13","15","65","212","62","6","76","8","8","13","12","62","13","15","65","212","62","6","76","8","8","13","1","19","13","15","65","212","19","6","118","8","8","69420.0"
"66","113","1","24","113","25","4","115","24","10","11","8","8","113","12","24","113","25","4","115","24","10","11","8","8","113","1","24","113","25","4","115","24","6","90","8","8","113","12","24","113","25","4","115","24","6","90","8","8","21","1","20","21","22","4","115","20","6","4","8","8","21","12","20","21","22","4","115","20","6","4","8","8","129","1","48","129","130","4","115","48","6","4","8","8","1724520.0"
"67","39","1","40","39","41","142","5","40","10","11","8","8","39","1","40","39","41","142","5","40","6","79","8","8","39","12","40","39","41","142","5","40","10","11","8","8","39","12","40","39","41","142","5","40","6","79","8","8","39","1","9","39","41","142","5","9","6","101","8","8","0","1","9","0","3","142","5","9","10","8","8","8","0","12","9","0","3","142","5","9","10","8","8","8","4611900.0"
"68","244","1","243","244","245","102","17","243","6","102","8","8","244","12","243","244","245","102","17","243","6","102","8","8","113","1","246","113","25","102","17","246","6","8","8","8","113","12","246","113","25","102","17","246","6","8","8","8","127","1","54","127","22","102","17","54","6","8","8","8","127","12","54","127","22","102","17","54","6","8","8","8","80","1","81","80","80","102","17","81","6","102","8","8","52200.0"
"7","0","1","2","0","3","7","212","2","10","8","8","8","0","12","2","0","3","7","212","2","10","8","8","8","247","1","9","247","3","7","212","9","10","8","8","8","247","12","9","247","3","7","212","9","10","8","8","8","0","1","2","0","3","7","212","2","10","11","8","8","0","12","2","0","3","7","212","2","10","11","8","8","0","1","40","0","3","7","212","40","6","95","8","8","286980.0"
"70","13","1","19","13","15","42","248","19","10","8","8","8","13","1","19","13","15","42","248","19","34","8","8","8","13","12","19","13","15","42","248","19","34","8","8","8","13","12","19","13","15","42","248","19","10","8","8","8","13","1","19","13","15","42","248","19","10","11","8","8","13","12","19","13","15","42","248","19","10","11","8","8","13","1","19","13","15","42","248","19","10","8","8","8","3175740.0"
"71","60","1","62","60","61","50","17","62","10","11","8","8","60","12","62","60","61","50","17","62","10","11","8","8","60","1","62","60","61","50","17","62","6","30","8","8","60","12","62","60","61","50","17","62","6","30","8","8","80","1","81","80","80","50","17","81","6","79","8","8","80","12","81","80","80","50","17","81","6","79","8","8","21","1","20","21","22","50","17","20","6","79","8","8","22980.0"
"72","23","1","24","23","25","79","17","24","10","8","8","8","23","12","24","23","25","79","17","24","10","8","8","8","23","1","24","23","25","79","17","24","6","79","8","8","23","12","24","23","25","79","17","24","6","79","8","8","46","1","20","46","22","79","17","20","6","79","8","8","46","12","20","46","22","79","17","20","6","79","8","8","129","1","112","129","130","79","17","112","6","8","8","8","218340.0"
"73","0","1","9","0","3","55","207","9","10","8","8","8","0","12","9","0","3","55","207","9","10","8","8","8","0","1","40","0","3","55","207","40","10","8","8","8","0","12","40","0","3","55","207","40","10","8","8","8","0","1","2","0","3","55","207","2","10","8","8","8","0","12","2","0","3","55","207","2","10","8","8","8","0","1","29","0","3","55","207","29","10","8","8","8","914700.0"
"75","23","1","35","23","25","4","27","35","10","8","8","8","23","12","35","23","25","4","27","35","10","8","8","8","23","1","35","23","25","4","27","35","10","8","8","8","23","12","35","23","25","4","27","35","10","8","8","8","23","1","24","23","25","4","27","24","6","4","8","8","23","12","24","23","25","4","27","24","6","4","8","8","23","1","24","23","25","4","27","24","10","8","8","8","1603200.0"
"77","13","1","62","13","15","91","172","62","10","8","8","8","13","12","62","13","15","91","172","62","10","8","8","8","13","1","62","13","15","91","172","62","10","8","8","8","13","12","62","13","15","91","172","62","10","8","8","8","13","1","19","13","15","91","172","19","10","8","8","8","13","12","19","13","15","91","172","19","10","8","8","8","13","1","19","13","15","91","172","19","10","8","8","8","1700280.0"
"78","39","1","40","39","41","249","5","40","10","57","8","8","39","12","40","39","41","249","5","40","10","57","8","8","39","1","40","39","41","249","5","40","6","79","8","8","39","12","40","39","41","249","5","40","6","79","8","8","39","1","9","39","41","249","5","9","6","215","8","8","39","12","9","39","41","249","5","9","6","215","8","8","39","1","29","39","41","249","5","29","6","250","8","8","2526600.0"
"79","46","1","54","46","22","251","212","54","6","251","8","8","46","12","54","46","22","251","212","54","6","251","8","8","47","1","145","47","49","251","212","145","6","251","8","8","47","12","145","47","49","251","212","145","6","251","8","8","148","1","112","148","149","251","212","112","6","8","8","8","148","12","112","148","149","251","212","112","6","8","8","8","148","1","48","148","149","251","212","48","6","251","8","8","308580.0"
"80","39","1","29","39","41","26","5","29","10","11","8","8","39","12","29","39","41","26","5","29","10","11","8","8","39","1","29","39","41","26","5","29","6","18","8","8","39","12","29","39","41","26","5","29","6","18","8","8","46","1","54","46","22","26","5","54","6","18","11","8","46","12","54","46","22","26","5","54","6","18","11","8","47","1","48","47","49","26","5","48","6","18","8","8","2020200.0"
"82","39","1","40","39","41","42","5","40","10","11","8","8","39","12","40","39","41","42","5","40","10","11","8","8","39","1","40","39","41","42","5","40","6","8","8","8","39","12","40","39","41","42","5","40","6","8","8","8","39","1","29","39","41","42","5","29","10","11","8","8","39","12","29","39","41","42","5","29","10","11","8","8","39","1","29","39","41","42","5","29","6","118","8","8","1581240.0"
"83","39","1","40","39","41","182","32","40","10","8","8","8","39","12","40","39","41","182","32","40","10","8","8","8","39","1","40","39","41","182","32","40","10","11","8","8","39","12","40","39","41","182","32","40","10","11","8","8","39","1","2","39","41","182","32","2","10","11","8","8","39","12","2","39","41","182","32","2","10","11","8","8","39","1","29","39","41","182","32","29","6","187","8","8","403020.0"
"84","23","1","24","23","25","51","117","24","10","11","8","8","23","12","24","23","25","51","117","24","10","11","8","8","23","1","24","23","25","51","117","24","6","79","8","8","23","12","24","23","25","51","117","24","6","79","8","8","23","1","24","23","25","51","117","24","6","8","8","8","23","12","24","23","25","51","117","24","6","8","8","8","23","1","24","23","25","51","117","24","6","57","8","8","1042860.0"
"85","63","1","53","63","64","88","27","53","10","57","8","8","63","12","53","63","64","88","27","53","10","57","8","8","63","1","53","63","64","88","27","53","6","96","8","8","63","12","53","63","64","88","27","53","6","96","8","8","63","1","29","63","64","88","27","29","6","96","8","8","63","1","98","63","64","88","27","98","6","8","95","8","63","1","35","63","64","88","27","35","6","4","8","8","27000.0"
"86","63","1","53","63","64","237","27","53","10","8","8","8","63","12","53","63","64","237","27","53","10","8","8","8","63","1","77","63","64","237","27","77","10","96","8","8","63","12","77","63","64","237","27","77","10","96","8","8","63","1","29","63","64","237","27","29","6","96","8","8","63","12","29","63","64","237","27","29","6","96","8","8","63","1","53","63","64","237","27","53","6","180","8","8","146280.0"
"87","0","1","2","0","3","252","253","2","10","8","8","8","0","12","2","0","3","252","253","2","10","8","8","8","0","1","9","0","3","252","253","9","10","11","8","8","0","12","9","0","3","252","253","9","10","11","8","8","0","1","9","0","3","252","253","9","6","43","8","8","46","1","20","46","22","252","253","20","6","8","11","8","0","12","9","0","3","252","253","9","6","43","8","8","3134520.0"
"89","75","1","9","75","41","158","254","9","10","8","8","8","75","12","9","75","41","158","254","9","10","8","8","8","39","1","2","39","41","158","254","2","10","8","8","8","39","12","2","39","41","158","254","2","10","8","8","8","39","1","29","39","41","158","254","29","10","4","8","8","39","12","29","39","41","158","254","29","10","4","8","8","39","1","29","39","41","158","254","29","6","255","8","8","301020.0"
"9","93","1","62","93","15","76","17","62","10","8","8","8","93","12","62","93","15","76","17","62","10","8","8","8","93","1","19","93","15","76","17","19","10","11","8","8","93","12","19","93","15","76","17","19","10","11","8","8","93","1","19","93","15","76","17","19","6","44","8","8","93","12","19","93","15","76","17","19","6","44","8","8","21","1","20","21","22","76","17","20","6","76","8","8","1705020.0"
"90","63","1","53","63","64","158","254","53","10","8","8","8","63","12","53","63","64","158","254","53","10","8","8","8","63","1","2","63","64","158","254","2","10","66","8","8","63","12","2","63","64","158","254","2","10","66","8","8","63","1","29","63","64","158","254","29","6","55","8","8","63","12","29","63","64","158","254","29","6","55","8","8","63","1","9","63","64","158","254","9","6","76","8","8","410400.0"
"91","39","1","40","39","41","159","256","40","10","8","8","8","39","12","40","39","41","159","256","40","10","8","8","8","39","1","2","39","41","159","256","2","10","66","8","8","39","12","2","39","41","159","256","2","10","66","8","8","39","1","2","39","41","159","256","2","6","8","8","8","39","1","29","39","41","159","256","29","6","181","8","8","39","12","2","39","41","159","256","2","6","8","8","8","524040.0"
"92","63","1","53","63","64","96","27","53","10","8","8","8","63","12","53","63","64","96","27","53","10","8","8","8","63","1","53","63","64","96","27","53","10","11","8","8","63","12","53","63","64","96","27","53","10","11","8","8","63","1","53","63","64","96","27","53","6","66","8","8","63","12","53","63","64","96","27","53","6","66","8","8","46","1","20","46","22","96","27","20","6","8","11","8","1876380.0"
"93","113","1","35","113","25","79","162","35","10","8","8","8","113","1","35","113","25","79","162","35","6","102","8","8","113","12","35","113","25","79","162","35","10","8","8","8","113","12","35","113","25","79","162","35","6","102","8","8","113","1","24","113","25","79","162","24","6","102","8","8","113","12","24","113","25","79","162","24","6","102","8","8","113","1","24","113","25","79","162","24","10","11","8","8","3758520.0"
"95","0","1","29","0","3","257","160","29","10","8","8","8","0","12","29","0","3","257","160","29","10","8","8","8","0","1","9","0","3","257","160","9","10","57","8","8","0","12","9","0","3","257","160","9","10","57","8","8","46","1","20","46","22","257","160","20","6","8","8","8","0","1","2","0","3","257","160","2","10","90","8","8","46","12","20","46","22","257","160","20","6","8","8","8","2652180.0"
"96","46","1","54","46","22","158","27","54","6","8","8","8","46","12","54","46","22","158","27","54","6","8","8","8","46","1","54","46","22","158","27","54","6","158","8","8","46","12","54","46","22","158","27","54","6","158","8","8","148","1","112","148","149","158","27","112","6","8","8","8","148","12","112","148","149","158","27","112","6","8","8","8","148","1","112","148","149","158","27","112","6","55","8","8","84960.0"
"97","46","1","54","46","22","59","27","54","6","59","8","8","46","12","54","46","22","59","27","54","6","59","8","8","47","1","153","47","49","59","27","153","6","258","8","8","47","12","153","47","49","59","27","153","6","258","8","8","47","1","112","47","49","59","27","112","6","108","8","8","47","12","112","47","49","59","27","112","6","108","8","8","148","1","112","148","149","59","27","112","6","8","8","8","895200.0"
"98","46","1","54","46","22","259","27","54","6","261","8","8","46","12","54","46","22","259","27","54","6","261","8","8","47","1","77","47","49","259","27","77","6","224","8","8","47","12","77","47","49","259","27","77","6","224","8","8","47","1","112","47","49","259","27","112","6","185","8","8","47","12","112","47","49","259","27","112","6","185","8","8","47","1","77","47","49","259","27","77","6","260","8","8","1800.0"
"99","46","1","20","46","22","262","141","20","6","8","8","8","46","12","20","46","22","262","141","20","6","8","8","8","46","1","20","46","22","262","141","20","6","8","8","8","46","12","20","46","22","262","141","20","6","8","8","8","46","1","20","46","22","262","141","20","6","261","8","8","46","12","20","46","22","262","141","20","6","261","8","8","148","1","112","148","149","262","141","112","6","8","8","8","349200.0"
